year,city,quantidade_registros,area_ha_total
2019,ABDON BATISTA,6,20.5313
2019,AGUA DOCE,1,3.099
2019,ALFREDO WAGNER,4,13.5988
2019,ANGELINA,2,2.0808
2019,ANITA GARIBALDI,3,12.4915
2019,ANITAPOLIS,1,1.6398
2019,ARAQUARI,4,14.3036
2019,ARMAZEM,1,1.8713
2019,BALNEARIO ARROIO DO SILVA,2,9.3148
2019,BARRA VELHA,2,9.6149
2019,BOCAINA DO SUL,1,36.1554
2019,BRUSQUE,2,2.7016
2019,CACADOR,2,5.5467
2019,CALMON,1,3.6387
2019,CAMPO ALEGRE,2,4.8987
2019,CAMPO BELO DO SUL,1,7.313
2019,CAMPOS NOVOS,3,8.9818
2019,CAPAO ALTO,1,2.029
2019,CAPINZAL,1,2.2132
2019,CAXAMBU DO SUL,1,1.6179
2019,CELSO RAMOS,1,21.4938
2019,CONCORDIA,1,1.9781
2019,CORDILHEIRA ALTA,1,3.1979
2019,CORONEL FREITAS,1,3.2055
2019,CORONEL MARTINS,1,2.5433
2019,CORREIA PINTO,1,10.2509
2019,CRICIUMA,1,1.9203
2019,FORMOSA DO SUL,1,4.4578
2019,FRAIBURGO,1,2.9042
2019,GARUVA,3,12.2506
2019,GUARAMIRIM,1,1.5462
2019,IRACEMINHA,1,3.4861
2019,ITA,2,2.3482
2019,ITAIOPOLIS,6,14.2529
2019,ITAPOA,2,5.3533
2019,ITUPORANGA,1,2.0066
2019,JACINTO MACHADO,1,3.0755
2019,JAGUARUNA,1,4.9967
2019,JOINVILLE,2,11.4456
2019,LEBON REGIS,2,5.0752
2019,MAFRA,4,12.761
2019,MATOS COSTA,1,5.5196
2019,ORLEANS,1,1.5953
2019,OTACILIO COSTA,6,19.6775
2019,OURO VERDE,2,3.4106
2019,PALMA SOLA,1,0.4888
2019,PALMITOS,1,13.1384
2019,PAPANDUVA,2,13.6235
2019,PASSOS MAIA,1,1.0035
2019,PAULO LOPES,1,1.2051
2019,PINHALZINHO,1,8.0046
2019,PONTE ALTA,2,3.7909
2019,PORTO UNIAO,1,1.0421
2019,PRESIDENTE GETULIO,1,1.2263
2019,RIO DAS ANTAS,1,6.7919
2019,RIO DO OESTE,1,1.0389
2019,RIO NEGRINHO,3,10.0651
2019,SANTA CECILIA,1,3.918
2019,SANTA TEREZINHA,1,3.5932
2019,SAO BONIFACIO,2,2.7393
2019,SAO FRANCISCO DO SUL,2,7.1159
2019,SAO JOAO DO ITAPERIU,1,3.3436
2019,SAO JOAQUIM,1,1.8799
2019,SAO JOSE DO CERRITO,7,20.3961
2019,SAO MIGUEL DO OESTE,1,1.7224
2019,SIDEROPOLIS,2,10.1293
2019,TIMBO GRANDE,4,25.4272
2019,URUSSANGA,1,1.4489
2019,VARGEAO,1,4.1188
2019,VARGEM,2,8.4591
2019,VARGEM BONITA,1,5.2181
2019,VITOR MEIRELES,1,1.8155
2020,ABELARDO LUZ,7,23.1345
2020,AGUA DOCE,3,31.8917
2020,AGUAS MORNAS,1,1.0226
2020,ALFREDO WAGNER,3,8.4148
2020,ALTO BELA VISTA,1,2.2676
2020,ANGELINA,1,3.3817
2020,ANITA GARIBALDI,16,75.641
2020,ANITAPOLIS,3,6.6962
2020,ANTONIO CARLOS,1,0.5147
2020,ARAQUARI,17,78.0341
2020,ARMAZEM,1,2.7128
2020,ASCURRA,1,1.951
2020,ATALANTA,1,1.4079
2020,BALNEARIO BARRA DO SUL,1,2.7986
2020,BALNEARIO PICARRAS,1,2.8227
2020,BANDEIRANTE,1,7.278
2020,BARRA VELHA,5,17.2322
2020,BELA VISTA DO TOLDO,1,1.2217
2020,BOCAINA DO SUL,5,22.6134
2020,BOM JARDIM DA SERRA,1,4.856
2020,BOM RETIRO,4,16.0737
2020,BRACO DO NORTE,2,4.1008
2020,BRACO DO TROMBUDO,1,1.9995
2020,BRUNOPOLIS,3,7.7604
2020,BRUSQUE,2,2.0434
2020,CACADOR,5,19.6781
2020,CALMON,3,16.2792
2020,CAMBORIU,1,8.2266
2020,CAMPO ALEGRE,3,7.6129
2020,CAMPO BELO DO SUL,2,15.2909
2020,CAMPO ERE,1,1.7053
2020,CAMPOS NOVOS,1,2.1682
2020,CANELINHA,1,1.6264
2020,CANOINHAS,5,25.5424
2020,CATANDUVAS,2,11.1883
2020,CELSO RAMOS,4,11.9875
2020,CERRO NEGRO,4,14.1555
2020,CHAPECO,2,17.1867
2020,CONCORDIA,4,10.7799
2020,CORREIA PINTO,2,4.5251
2020,CORUPA,2,7.2724
2020,CRICIUMA,1,6.4142
2020,CURITIBANOS,1,3.1069
2020,DIONISIO CERQUEIRA,2,1.9037
2020,ENTRE RIOS,3,54.8859
2020,FLORIANOPOLIS,1,1.3287
2020,FRAIBURGO,4,11.4179
2020,GAROPABA,1,2.1605
2020,GARUVA,4,21.8983
2020,GASPAR,4,17.0242
2020,GRAO-PARA,2,2.4319
2020,IBIAM,1,9.5428
2020,IBICARE,1,5.0509
2020,IMARUI,2,3.9973
2020,INDAIAL,1,0.601
2020,IPORA DO OESTE,1,3.0527
2020,IPUACU,2,8.8173
2020,IPUMIRIM,1,2.9392
2020,ITAIOPOLIS,13,29.9567
2020,ITAJAI,1,1.5686
2020,ITAPOA,4,13.0272
2020,ITUPORANGA,1,2.2786
2020,JABORA,2,16.751
2020,JACINTO MACHADO,1,1.6258
2020,JARAGUA DO SUL,1,2.7869
2020,JARDINOPOLIS,1,4.5142
2020,JOINVILLE,1,1.3725
2020,LAGES,2,3.537
2020,LAURO MULLER,1,0.8802
2020,LEBON REGIS,3,9.1747
2020,LINDOIA DO SUL,1,2.8209
2020,LUIZ ALVES,1,1.2723
2020,MACIEIRA,2,8.2
2020,MAFRA,14,39.2618
2020,MAJOR VIEIRA,2,4.6233
2020,MASSARANDUBA,1,0.714
2020,MONDAI,1,2.5398
2020,MONTE CASTELO,6,43.7192
2020,ORLEANS,1,6.7904
2020,OURO,2,4.3158
2020,PAINEL,1,2.877
2020,PALHOCA,4,31.2542
2020,PALMEIRA,1,3.5304
2020,PALMITOS,1,2.2197
2020,PAPANDUVA,3,10.3245
2020,PASSOS MAIA,10,201.3075
2020,PAULO LOPES,1,5.7631
2020,PERITIBA,1,7.1052
2020,PONTE SERRADA,2,55.6374
2020,PORTO BELO,2,10.6261
2020,POUSO REDONDO,1,6.4037
2020,PRESIDENTE NEREU,2,5.7532
2020,QUILOMBO,2,8.3099
2020,RANCHO QUEIMADO,2,9.3634
2020,RIO DAS ANTAS,2,3.7133
2020,RIO DO CAMPO,1,1.4712
2020,RIO DOS CEDROS,2,63.0099
2020,RIO NEGRINHO,5,17.0352
2020,RIO RUFINO,1,68.848
2020,RIQUEZA,2,4.7396
2020,ROMELANDIA,1,1.1154
2020,SALETE,2,9.5554
2020,SALTINHO,1,1.921
2020,SANTA CECILIA,2,10.4868
2020,SANTA HELENA,1,4.0794
2020,SANTA TEREZINHA,18,84.8619
2020,SAO BONIFACIO,4,7.1573
2020,SAO DOMINGOS,3,10.6989
2020,SAO FRANCISCO DO SUL,8,29.3694
2020,SAO JOAO DO ITAPERIU,2,8.7722
2020,SAO JOAO DO SUL,1,2.4647
2020,SAO JOAQUIM,2,5.9922
2020,SAO JOSE,1,3.0174
2020,SAO JOSE DO CERRITO,15,68.1811
2020,SAO LOURENCO DO OESTE,1,2.9922
2020,SAO MARTINHO,1,4.0885
2020,SIDEROPOLIS,1,3.9746
2020,TAIO,4,29.3431
2020,TANGARA,2,3.9881
2020,TIMBE DO SUL,1,2.0911
2020,TRES BARRAS,1,2.7769
2020,URUBICI,3,19.5557
2020,URUSSANGA,2,8.6453
2020,VARGEAO,2,26.5171
2020,VARGEM,2,11.7143
2020,VIDAL RAMOS,2,3.9957
2020,VITOR MEIRELES,4,9.2545
2020,WITMARSUM,1,2.0368
2021,ABDON BATISTA,1,1.2661
2021,ABELARDO LUZ,1,1.9382
2021,AGROLANDIA,1,7.3263
2021,AGRONOMICA,1,1.4584
2021,AGUA DOCE,1,16.74
2021,AGUAS FRIAS,1,1.7972
2021,AGUAS MORNAS,2,6.8469
2021,ALFREDO WAGNER,6,16.9812
2021,ANCHIETA,1,1.8071
2021,ANGELINA,3,5.1663
2021,ANITA GARIBALDI,4,13.865
2021,ARAQUARI,10,60.915
2021,ARMAZEM,2,2.0419
2021,BALNEARIO PICARRAS,1,1.7128
2021,BELA VISTA DO TOLDO,9,18.8215
2021,BIGUACU,1,2.7407
2021,BLUMENAU,2,5.3621
2021,BOCAINA DO SUL,1,4.743
2021,BOM JARDIM DA SERRA,1,3.4291
2021,BOM RETIRO,7,40.8549
2021,BRACO DO NORTE,1,2.1704
2021,BRACO DO TROMBUDO,1,3.5933
2021,BRUNOPOLIS,3,40.5628
2021,BRUSQUE,6,28.1864
2021,CACADOR,6,19.1508
2021,CALMON,4,10.2141
2021,CAMBORIU,1,1.8145
2021,CAMPO ALEGRE,3,22.9494
2021,CAMPO BELO DO SUL,4,10.5215
2021,CAMPO ERE,1,1.7364
2021,CAMPOS NOVOS,3,8.0627
2021,CANOINHAS,22,46.2428
2021,CATANDUVAS,1,2.8637
2021,CELSO RAMOS,1,2.1724
2021,CERRO NEGRO,2,3.1503
2021,CONCORDIA,6,16.5476
2021,CORONEL MARTINS,1,2.7666
2021,CORREIA PINTO,6,33.6382
2021,CRICIUMA,2,14.0475
2021,CUNHATAI,2,7.0797
2021,CURITIBANOS,2,15.6933
2021,DESCANSO,1,6.0511
2021,DIONISIO CERQUEIRA,1,5.8099
2021,DONA EMMA,1,0.581
2021,DOUTOR PEDRINHO,1,9.7224
2021,FAXINAL DOS GUEDES,1,3.6788
2021,FRAIBURGO,1,2.1454
2021,GASPAR,1,2.6764
2021,IBIAM,1,1.3437
2021,IBIRAMA,1,2.0742
2021,IMARUI,1,5.4098
2021,IMBUIA,2,6.2802
2021,INDAIAL,1,3.9708
2021,IPIRA,5,26.27
2021,IRACEMINHA,1,0.8246
2021,IRINEOPOLIS,2,3.6294
2021,ITA,1,10.6528
2021,ITAIOPOLIS,26,81.858
2021,ITAJAI,1,3.1005
2021,ITAPIRANGA,2,3.842
2021,ITAPOA,6,56.6608
2021,ITUPORANGA,1,1.5547
2021,JACINTO MACHADO,2,2.2023
2021,JOACABA,1,2.8222
2021,JOINVILLE,2,10.8003
2021,JOSE BOITEUX,2,4.172
2021,LAGES,1,3.1164
2021,LEBON REGIS,5,14.5347
2021,LINDOIA DO SUL,1,5.7141
2021,LUIZ ALVES,1,2.3542
2021,LUZERNA,1,10.6172
2021,MACIEIRA,3,12.9056
2021,MAFRA,18,48.8484
2021,MAJOR VIEIRA,2,2.4425
2021,MASSARANDUBA,1,2.7505
2021,MATOS COSTA,1,6.3886
2021,MONTE CASTELO,11,24.5986
2021,NAVEGANTES,1,5.7301
2021,OTACILIO COSTA,3,6.1157
2021,PALHOCA,4,17.9891
2021,PALMEIRA,1,1.7095
2021,PALMITOS,1,2.4522
2021,PAPANDUVA,4,11.3927
2021,PASSOS MAIA,2,11.5872
2021,PEDRAS GRANDES,2,6.7235
2021,PERITIBA,1,17.2085
2021,PETROLANDIA,3,3.4005
2021,PIRATUBA,1,1.0021
2021,PONTE ALTA,1,0.9184
2021,PONTE ALTA DO NORTE,1,37.2214
2021,PONTE SERRADA,3,66.9324
2021,PORTO UNIAO,2,4.2101
2021,POUSO REDONDO,1,1.0564
2021,PRESIDENTE CASTELLO BRANCO,1,3.8494
2021,RANCHO QUEIMADO,2,2.1979
2021,RIO DO OESTE,1,0.9967
2021,RIO DO SUL,2,15.0506
2021,RIO DOS CEDROS,2,9.3112
2021,RIO FORTUNA,1,3.3472
2021,RIO NEGRINHO,13,70.4086
2021,RIO RUFINO,1,3.8672
2021,ROMELANDIA,2,4.1004
2021,SANTA CECILIA,3,28.5611
2021,SANTA ROSA DE LIMA,1,0.1541
2021,SANTA TEREZINHA,3,9.0708
2021,SAO BENTO DO SUL,1,0.7689
2021,SAO BERNARDINO,1,2.1814
2021,SAO BONIFACIO,3,3.9335
2021,SAO CRISTOVAO DO SUL,1,4.0597
2021,SAO DOMINGOS,1,1.7598
2021,SAO FRANCISCO DO SUL,7,29.1196
2021,SAO JOAO DO ITAPERIU,1,1.4737
2021,SAO JOAQUIM,4,8.2106
2021,SAO JOSE DO CERRITO,15,66.8381
2021,SAO MARTINHO,1,1.2524
2021,SAO MIGUEL DA BOA VISTA,1,1.7234
2021,SAO PEDRO DE ALCANTARA,1,1.7299
2021,SEARA,1,1.5167
2021,SIDEROPOLIS,1,2.3607
2021,SOMBRIO,1,1.4242
2021,TAIO,2,2.2441
2021,TIMBO GRANDE,9,16.1472
2021,TRES BARRAS,3,3.082
2021,TREVISO,1,1.7653
2021,TROMBUDO CENTRAL,1,4.004
2021,URUBICI,2,8.1478
2021,VARGEAO,1,5.8348
2021,VARGEM,2,10.9161
2021,VIDAL RAMOS,5,14.2467
2021,VIDEIRA,2,5.0358
2021,WITMARSUM,3,7.7612
2021,XAXIM,2,7.799
2021,ZORTEA,2,7.5485
2022,ABDON BATISTA,4,7.5598
2022,ABELARDO LUZ,12,20.849
2022,AGROLANDIA,4,9.2623
2022,AGRONOMICA,1,0.4946
2022,AGUA DOCE,16,70.7059
2022,AGUAS DE CHAPECO,3,2.7277
2022,AGUAS MORNAS,7,7.7975
2022,ALFREDO WAGNER,8,8.7424
2022,ALTO BELA VISTA,5,4.2192
2022,ANCHIETA,2,1.7284
2022,ANGELINA,19,15.8002
2022,ANITA GARIBALDI,8,30.6155
2022,ANITAPOLIS,8,7.1299
2022,ANTONIO CARLOS,2,2.3647
2022,APIUNA,2,1.1516
2022,ARABUTA,2,3.7694
2022,ARAQUARI,4,16.4716
2022,ARROIO TRINTA,1,0.9546
2022,ASCURRA,1,0.4511
2022,ATALANTA,3,3.8101
2022,AURORA,3,7.8871
2022,BALNEARIO PICARRAS,2,18.7358
2022,BANDEIRANTE,1,0.9427
2022,BARRA BONITA,2,2.004
2022,BARRA VELHA,1,2.604
2022,BELA VISTA DO TOLDO,2,2.9451
2022,BELMONTE,3,3.2064
2022,BENEDITO NOVO,1,0.3483
2022,BIGUACU,1,1.7703
2022,BLUMENAU,1,1.6075
2022,BOCAINA DO SUL,2,5.7133
2022,BOM JARDIM DA SERRA,3,4.8398
2022,BOM JESUS DO OESTE,3,2.2767
2022,BOM RETIRO,3,3.4499
2022,BOTUVERA,2,6.5705
2022,BRACO DO NORTE,3,2.7269
2022,BRUNOPOLIS,15,236.6423
2022,BRUSQUE,2,2.346
2022,CACADOR,6,7.154
2022,CAIBI,3,6.2663
2022,CALMON,5,10.7815
2022,CAMBORIU,1,1.2749
2022,CAMPO ALEGRE,6,14.1124
2022,CAMPO BELO DO SUL,8,10.23
2022,CAMPO ERE,1,1.9421
2022,CAMPOS NOVOS,11,13.8214
2022,CANELINHA,1,0.7126
2022,CANOINHAS,6,18.9949
2022,CAPAO ALTO,1,5.5573
2022,CAPINZAL,3,3.533
2022,CATANDUVAS,4,6.5669
2022,CAXAMBU DO SUL,2,2.0948
2022,CELSO RAMOS,4,5.008
2022,CERRO NEGRO,5,7.7301
2022,CHAPADAO DO LAGEADO,1,0.8878
2022,CHAPECO,4,4.5547
2022,COCAL DO SUL,1,0.7089
2022,CONCORDIA,28,30.6855
2022,CORONEL FREITAS,6,4.6923
2022,CORONEL MARTINS,1,0.5507
2022,CORREIA PINTO,6,14.5983
2022,CORUPA,4,4.6331
2022,CRICIUMA,3,6.1034
2022,CUNHA PORA,1,0.3511
2022,CUNHATAI,1,0.3473
2022,CURITIBANOS,14,158.6122
2022,DESCANSO,5,4.637
2022,DIONISIO CERQUEIRA,7,7.5847
2022,DONA EMMA,2,1.9771
2022,ENTRE RIOS,1,0.3021
2022,ERVAL VELHO,4,2.7088
2022,FAXINAL DOS GUEDES,1,1.1308
2022,FLOR DO SERTAO,1,0.676
2022,FORMOSA DO SUL,2,1.2478
2022,FORQUILHINHA,1,0.9808
2022,FRAIBURGO,16,23.3053
2022,FREI ROGERIO,1,3.0287
2022,GALVAO,2,5.6036
2022,GARUVA,1,0.8372
2022,GASPAR,4,4.2166
2022,GRAO-PARA,13,10.9302
2022,GRAVATAL,2,0.7876
2022,GUARACIABA,6,6.8668
2022,GUARUJA DO SUL,2,1.1494
2022,GUATAMBU,2,3.178
2022,IBIAM,1,0.6457
2022,IBICARE,1,0.581
2022,IBIRAMA,1,1.3455
2022,ICARA,1,2.3365
2022,ILHOTA,1,2.3452
2022,IMBUIA,4,3.5366
2022,INDAIAL,1,2.0358
2022,IPIRA,9,18.2918
2022,IPORA DO OESTE,3,5.0942
2022,IPUACU,3,1.9306
2022,IPUMIRIM,13,12.9862
2022,IRACEMINHA,4,8.0689
2022,IRANI,5,9.5138
2022,IRATI,1,3.1001
2022,IRINEOPOLIS,1,2.4388
2022,ITA,1,0.6958
2022,ITAIOPOLIS,16,24.1579
2022,ITAJAI,4,12.213
2022,ITAPIRANGA,3,2.023
2022,ITAPOA,1,11.2793
2022,ITUPORANGA,10,13.8098
2022,JABORA,10,7.6313
2022,JAGUARUNA,1,0.7762
2022,JOACABA,8,10.0563
2022,JOINVILLE,3,6.0819
2022,JOSE BOITEUX,1,2.4161
2022,LAGES,6,9.7607
2022,LAURO MULLER,2,5.5867
2022,LEBON REGIS,12,22.6343
2022,LEOBERTO LEAL,10,12.3388
2022,LINDOIA DO SUL,9,15.0546
2022,LUIZ ALVES,1,0.4896
2022,LUZERNA,3,1.0619
2022,MACIEIRA,4,5.7341
2022,MAFRA,29,58.5037
2022,MAJOR GERCINO,4,5.3643
2022,MAJOR VIEIRA,2,3.0634
2022,MARACAJA,2,0.712
2022,MARAVILHA,4,3.2351
2022,MAREMA,1,3.4201
2022,MASSARANDUBA,1,1.4742
2022,MATOS COSTA,3,7.7268
2022,MONDAI,2,2.0599
2022,MONTE CASTELO,4,8.7046
2022,NAVEGANTES,1,1.9362
2022,NOVA ITABERABA,3,3.4646
2022,NOVA VENEZA,1,0.5174
2022,NOVO HORIZONTE,4,4.0341
2022,ORLEANS,11,10.1404
2022,OTACILIO COSTA,9,19.5534
2022,OURO,12,10.8551
2022,OURO VERDE,3,1.421
2022,PALHOCA,2,7.8489
2022,PALMA SOLA,2,1.3561
2022,PALMEIRA,4,11.1666
2022,PALMITOS,7,6.2576
2022,PAPANDUVA,6,17.3126
2022,PARAISO,5,8.9904
2022,PASSOS MAIA,13,57.4959
2022,PEDRAS GRANDES,2,2.2032
2022,PENHA,2,10.1237
2022,PERITIBA,8,9.4232
2022,PETROLANDIA,5,13.6598
2022,PINHALZINHO,4,2.6542
2022,PIRATUBA,3,2.5338
2022,PLANALTO ALEGRE,3,1.7766
2022,PONTE ALTA,2,1.752
2022,PONTE ALTA DO NORTE,1,1.0183
2022,PONTE SERRADA,7,51.6622
2022,PORTO UNIAO,1,5.0539
2022,POUSO REDONDO,1,0.7862
2022,PRESIDENTE CASTELLO BRANCO,7,10.4078
2022,PRESIDENTE GETULIO,2,9.6346
2022,PRESIDENTE NEREU,1,0.4187
2022,QUILOMBO,4,2.1748
2022,RANCHO QUEIMADO,4,2.1834
2022,RIO DAS ANTAS,3,2.2115
2022,RIO DO CAMPO,3,1.657
2022,RIO DO OESTE,2,0.7758
2022,RIO DO SUL,1,0.7488
2022,RIO DOS CEDROS,2,7.9732
2022,RIO FORTUNA,2,2.7859
2022,RIO NEGRINHO,7,17.3764
2022,RIQUEZA,5,14.4784
2022,ROMELANDIA,3,1.8874
2022,SALTINHO,4,6.5499
2022,SANTA CECILIA,12,40.8284
2022,SANTA HELENA,4,3.5907
2022,SANTA ROSA DE LIMA,1,0.4095
2022,SANTA TEREZINHA,13,21.8993
2022,SANTIAGO DO SUL,1,2.4582
2022,SANTO AMARO DA IMPERATRIZ,1,0.567
2022,SAO BENTO DO SUL,2,3.0948
2022,SAO BONIFACIO,2,2.9468
2022,SAO CRISTOVAO DO SUL,1,13.6033
2022,SAO DOMINGOS,5,3.5561
2022,SAO FRANCISCO DO SUL,1,2.2081
2022,SAO JOAO BATISTA,2,8.8865
2022,SAO JOAO DO OESTE,1,0.2785
2022,SAO JOAQUIM,7,5.8732
2022,SAO JOSE,1,1.3461
2022,SAO JOSE DO CEDRO,3,2.4568
2022,SAO JOSE DO CERRITO,33,160.0001
2022,SAO LOURENCO DO OESTE,9,8.9159
2022,SAO LUDGERO,4,4.167
2022,SAO MARTINHO,3,4.8018
2022,SAO MIGUEL DA BOA VISTA,4,8.4447
2022,SAO MIGUEL DO OESTE,2,2.8654
2022,SAO PEDRO DE ALCANTARA,1,1.4368
2022,SAUDADES,3,5.0423
2022,SEARA,3,5.3005
2022,SERRA ALTA,6,6.0377
2022,SUL BRASIL,5,4.3829
2022,TAIO,3,8.0575
2022,TANGARA,4,5.5243
2022,TIGRINHOS,1,0.467
2022,TIMBO GRANDE,7,28.6915
2022,TREZE TILIAS,1,0.5384
2022,TUNAPOLIS,7,7.3688
2022,UNIAO DO OESTE,4,4.3743
2022,URUSSANGA,4,6.2738
2022,VARGEAO,4,2.3309
2022,VARGEM,13,132.8083
2022,VARGEM BONITA,4,3.2176
2022,VIDAL RAMOS,8,22.0601
2022,VIDEIRA,1,0.5056
2022,VITOR MEIRELES,3,2.7086
2022,WITMARSUM,1,1.0777
2022,XANXERE,4,2.7268
2022,XAVANTINA,2,1.9284
2022,XAXIM,4,6.4687
2023,ABDON BATISTA,1,1.389
2023,AGUA DOCE,4,30.2975
2023,AGUAS DE CHAPECO,1,0.8774
2023,AGUAS FRIAS,1,1.9471
2023,AGUAS MORNAS,4,3.2272
2023,ALFREDO WAGNER,8,15.6879
2023,ALTO BELA VISTA,3,1.3339
2023,ANGELINA,7,7.0317
2023,ANITA GARIBALDI,3,6.6211
2023,ANITAPOLIS,2,1.022
2023,ANTONIO CARLOS,2,1.5466
2023,ARABUTA,1,1.0145
2023,ARAQUARI,3,13.9673
2023,ARARANGUA,1,0.659
2023,ARMAZEM,2,3.6492
2023,ARROIO TRINTA,1,2.1332
2023,AURORA,2,5.6738
2023,BANDEIRANTE,2,0.8253
2023,BARRA BONITA,1,1.2267
2023,BARRA VELHA,1,2.6142
2023,BELA VISTA DO TOLDO,1,1.0048
2023,BENEDITO NOVO,3,12.8245
2023,BIGUACU,1,0.321
2023,BLUMENAU,2,1.9245
2023,BOCAINA DO SUL,2,3.4253
2023,BOM JARDIM DA SERRA,2,1.5934
2023,BOM JESUS DO OESTE,2,1.7687
2023,BOM RETIRO,4,6.5662
2023,BOTUVERA,1,1.384
2023,BRACO DO NORTE,1,0.7626
2023,BRACO DO TROMBUDO,1,0.7227
2023,BRUNOPOLIS,1,1.7449
2023,BRUSQUE,3,5.9629
2023,CACADOR,4,22.9107
2023,CAIBI,4,4.9916
2023,CALMON,1,3.8012
2023,CAMPO ALEGRE,2,3.0247
2023,CAMPO BELO DO SUL,3,1.6833
2023,CAMPO ERE,2,2.6527
2023,CAMPOS NOVOS,6,9.28
2023,CANOINHAS,5,11.8037
2023,CAPAO ALTO,1,2.0121
2023,CAPINZAL,2,2.5691
2023,CATANDUVAS,1,0.4629
2023,CELSO RAMOS,2,1.2764
2023,CERRO NEGRO,2,3.3858
2023,CHAPADAO DO LAGEADO,1,0.7008
2023,CHAPECO,2,4.2702
2023,CONCORDIA,13,12.8799
2023,CORONEL FREITAS,1,0.7002
2023,CORONEL MARTINS,1,0.3819
2023,CORREIA PINTO,2,1.813
2023,CRICIUMA,2,2.6799
2023,CUNHA PORA,3,2.4903
2023,CUNHATAI,1,0.9875
2023,CURITIBANOS,2,1.2751
2023,DESCANSO,3,2.7156
2023,DIONISIO CERQUEIRA,1,0.744
2023,DONA EMMA,1,1.1314
2023,ERVAL VELHO,3,4.2401
2023,FORMOSA DO SUL,1,0.5116
2023,FRAIBURGO,3,7.535
2023,FREI ROGERIO,2,1.2282
2023,GALVAO,3,2.8184
2023,GARUVA,3,9.373
2023,GRAO-PARA,4,2.7251
2023,GUABIRUBA,3,2.1803
2023,GUARACIABA,5,4.0311
2023,GUARAMIRIM,1,0.9467
2023,GUARUJA DO SUL,2,1.7113
2023,IBIAM,1,0.3165
2023,IBICARE,1,2.3906
2023,IBIRAMA,2,3.7228
2023,ICARA,3,7.4275
2023,IMARUI,1,0.3216
2023,IMBUIA,1,1.0795
2023,INDAIAL,4,7.2757
2023,IOMERE,1,0.5296
2023,IPIRA,4,3.4836
2023,IPORA DO OESTE,5,6.8499
2023,IPUMIRIM,6,6.382
2023,IRACEMINHA,2,2.7004
2023,IRANI,3,3.1171
2023,ITA,1,0.788
2023,ITAIOPOLIS,9,22.456
2023,ITAJAI,2,4.9242
2023,ITAPEMA,1,0.6327
2023,ITAPIRANGA,2,2.3602
2023,ITUPORANGA,6,10.0825
2023,JABORA,3,3.8804
2023,JARAGUA DO SUL,2,5.6015
2023,JARDINOPOLIS,1,0.7731
2023,JOACABA,1,0.9341
2023,JOINVILLE,1,0.734
2023,LACERDOPOLIS,1,0.6171
2023,LAGES,7,17.4205
2023,LEBON REGIS,5,16.5796
2023,LEOBERTO LEAL,6,4.526
2023,LINDOIA DO SUL,2,2.09
2023,LUZERNA,1,0.5276
2023,MACIEIRA,1,3.9605
2023,MAFRA,8,15.8546
2023,MAJOR GERCINO,2,1.5033
2023,MAJOR VIEIRA,1,1.751
2023,MARACAJA,1,0.8918
2023,MIRIM DOCE,1,1.5077
2023,MODELO,1,0.3491
2023,MONDAI,2,1.716
2023,MONTE CARLO,1,0.4891
2023,MONTE CASTELO,1,1.7725
2023,MORRO DA FUMACA,1,0.9786
2023,NOVA ERECHIM,1,0.3831
2023,NOVA ITABERABA,1,0.3967
2023,NOVO HORIZONTE,1,1.2797
2023,ORLEANS,12,17.7261
2023,OTACILIO COSTA,3,5.9105
2023,OURO,6,7.7064
2023,OURO VERDE,1,1.0237
2023,PALHOCA,1,1.2812
2023,PALMA SOLA,1,1.2898
2023,PALMEIRA,3,13.0672
2023,PALMITOS,1,1.458
2023,PAPANDUVA,2,1.2162
2023,PARAISO,4,4.0494
2023,PASSOS MAIA,7,9.6402
2023,PEDRAS GRANDES,1,0.5795
2023,PERITIBA,3,4.1802
2023,PETROLANDIA,4,6.246
2023,PLANALTO ALEGRE,1,0.2357
2023,PONTE ALTA,3,4.7772
2023,PONTE ALTA DO NORTE,2,4.3899
2023,PONTE SERRADA,1,1.2623
2023,PORTO UNIAO,1,0.8146
2023,PRESIDENTE CASTELLO BRANCO,3,2.2835
2023,PRESIDENTE GETULIO,6,6.8632
2023,QUILOMBO,6,6.1161
2023,RIO DO CAMPO,1,1.1417
2023,RIO DOS CEDROS,2,1.9565
2023,RIO FORTUNA,4,3.6893
2023,RIO NEGRINHO,3,3.841
2023,RIQUEZA,4,11.9915
2023,RODEIO,2,16.4355
2023,ROMELANDIA,2,2.2335
2023,SANTA CECILIA,3,5.6026
2023,SANTA ROSA DE LIMA,1,0.6095
2023,SANTA ROSA DO SUL,1,1.7186
2023,SANTA TEREZINHA,6,7.7793
2023,SANTA TEREZINHA DO PROGRESSO,2,1.2033
2023,SAO BENTO DO SUL,2,2.2038
2023,SAO BONIFACIO,4,4.9053
2023,SAO CARLOS,1,1.8585
2023,SAO CRISTOVAO DO SUL,1,0.7035
2023,SAO DOMINGOS,3,2.5847
2023,SAO FRANCISCO DO SUL,1,0.4464
2023,SAO JOAO BATISTA,3,12.8644
2023,SAO JOAO DO OESTE,2,0.7178
2023,SAO JOAQUIM,3,4.3191
2023,SAO JOSE,4,10.7315
2023,SAO JOSE DO CEDRO,2,1.713
2023,SAO JOSE DO CERRITO,10,12.2746
2023,SAO LOURENCO DO OESTE,4,2.8388
2023,SAO LUDGERO,1,0.6057
2023,SAO MARTINHO,4,4.7685
2023,SAO MIGUEL DO OESTE,3,3.3744
2023,SEARA,2,1.5061
2023,SIDEROPOLIS,1,0.4752
2023,SUL BRASIL,3,5.45
2023,TAIO,1,3.6296
2023,TANGARA,4,4.3945
2023,TIGRINHOS,1,0.6692
2023,TIJUCAS,3,16.7886
2023,TREZE DE MAIO,1,1.1665
2023,TREZE TILIAS,1,0.7866
2023,TUNAPOLIS,2,1.3231
2023,UNIAO DO OESTE,1,1.7387
2023,URUSSANGA,4,5.3147
2023,VARGEAO,3,7.8001
2023,VARGEM,3,6.0463
2023,VARGEM BONITA,1,1.3195
2023,VIDAL RAMOS,3,3.3325
2023,VIDEIRA,2,6.2452
2023,XAVANTINA,2,2.0889
2023,XAXIM,1,0.6975
2023,ZORTEA,1,0.8913
2024,AGROLANDIA,1,1.5507
2024,AGRONOMICA,2,2.2381
2024,AGUA DOCE,2,7.0263
2024,AGUAS DE CHAPECO,1,0.4825
2024,ALFREDO WAGNER,4,6.9124
2024,ANCHIETA,3,3.1118
2024,ANGELINA,3,2.2213
2024,ANITA GARIBALDI,1,1.848
2024,APIUNA,2,17.9441
2024,ARAQUARI,5,18.6009
2024,ATALANTA,1,1.501
2024,AURORA,7,6.8635
2024,BALNEARIO BARRA DO SUL,1,1.8352
2024,BALNEARIO CAMBORIU,1,2.9261
2024,BALNEARIO PICARRAS,2,3.1706
2024,BANDEIRANTE,2,1.4437
2024,BELA VISTA DO TOLDO,2,3.9332
2024,BOCAINA DO SUL,2,3.2011
2024,BOM JARDIM DA SERRA,2,1.9619
2024,BOM RETIRO,3,20.5129
2024,BRUSQUE,3,6.7948
2024,CACADOR,3,5.4388
2024,CAIBI,2,1.1059
2024,CAMPO BELO DO SUL,2,2.1884
2024,CAMPO ERE,2,3.5198
2024,CAMPOS NOVOS,5,4.2099
2024,CANOINHAS,1,1.8148
2024,CAPAO ALTO,2,0.7811
2024,CELSO RAMOS,1,0.4729
2024,CHAPADAO DO LAGEADO,2,1.3001
2024,CHAPECO,1,2.0866
2024,COCAL DO SUL,1,0.6434
2024,CONCORDIA,3,7.9471
2024,CORREIA PINTO,1,0.4569
2024,CORUPA,1,1.0924
2024,CRICIUMA,2,6.7277
2024,CUNHA PORA,1,1.1517
2024,CURITIBANOS,2,2.5194
2024,DESCANSO,1,1.557
2024,DIONISIO CERQUEIRA,2,0.7166
2024,DOUTOR PEDRINHO,1,5.4583
2024,FAXINAL DOS GUEDES,4,8.1547
2024,FORQUILHINHA,2,5.6467
2024,FRAIBURGO,2,2.2179
2024,GALVAO,1,0.2349
2024,GARUVA,1,1.293
2024,GRAO-PARA,1,0.762
2024,GUABIRUBA,1,0.5101
2024,GUARACIABA,2,1.4081
2024,GUARAMIRIM,1,0.7898
2024,ICARA,1,3.8631
2024,IMBUIA,2,0.7977
2024,INDAIAL,2,3.6255
2024,IRANI,1,0.5872
2024,IRATI,1,0.4911
2024,ITAIOPOLIS,6,9.1165
2024,ITAJAI,9,21.6011
2024,ITAPOA,1,1.3212
2024,ITUPORANGA,4,6.6573
2024,JACINTO MACHADO,2,3.0951
2024,JARAGUA DO SUL,4,4.5555
2024,JOACABA,2,2.1641
2024,JOINVILLE,3,6.0209
2024,JOSE BOITEUX,1,0.4068
2024,JUPIA,1,0.9926
2024,LACERDOPOLIS,1,0.6358
2024,LAGES,1,0.898
2024,LAURO MULLER,1,0.9686
2024,LEBON REGIS,1,3.0525
2024,LONTRAS,2,1.1742
2024,MACIEIRA,1,1.7181
2024,MAFRA,7,8.4971
2024,MARACAJA,1,1.5307
2024,MARAVILHA,2,3.998
2024,MAREMA,1,0.4884
2024,MODELO,1,1.0109
2024,MONTE CASTELO,1,0.6449
2024,MORRO DA FUMACA,2,4.0223
2024,NAVEGANTES,1,1.0602
2024,NOVA ITABERABA,1,0.3581
2024,NOVA TRENTO,3,2.1456
2024,NOVO HORIZONTE,1,0.5769
2024,ORLEANS,2,1.6607
2024,OTACILIO COSTA,3,8.5906
2024,PALHOCA,1,0.8964
2024,PALMA SOLA,1,1.2245
2024,PALMEIRA,3,3.9294
2024,PALMITOS,2,2.0878
2024,PAPANDUVA,3,3.6245
2024,PASSOS MAIA,3,2.4263
2024,PEDRAS GRANDES,1,0.7706
2024,PERITIBA,2,1.3358
2024,PINHALZINHO,1,0.7511
2024,PIRATUBA,2,1.5762
2024,PONTE ALTA,3,4.6245
2024,PONTE SERRADA,1,2.2176
2024,PORTO UNIAO,3,2.1113
2024,POUSO REDONDO,2,1.4942
2024,PRESIDENTE GETULIO,2,1.9461
2024,PRESIDENTE NEREU,2,4.6987
2024,PRINCESA,1,0.4443
2024,RANCHO QUEIMADO,1,2.4386
2024,RIO DO CAMPO,3,9.8692
2024,RIO DO OESTE,4,8.2651
2024,RIO FORTUNA,4,2.4499
2024,RIO NEGRINHO,3,7.1105
2024,ROMELANDIA,2,1.5334
2024,SALTINHO,1,0.7449
2024,SANTA HELENA,1,1.0183
2024,SANTA ROSA DE LIMA,1,0.4356
2024,SANTA ROSA DO SUL,1,0.3256
2024,SANTA TEREZINHA,8,12.2653
2024,SANTA TEREZINHA DO PROGRESSO,1,0.6212
2024,SAO BERNARDINO,1,0.7303
2024,SAO BONIFACIO,1,0.9655
2024,SAO DOMINGOS,1,0.7674
2024,SAO FRANCISCO DO SUL,3,3.654
2024,SAO JOAO BATISTA,3,1.5204
2024,SAO JOAO DO ITAPERIU,1,1.6857
2024,SAO JOAO DO OESTE,1,0.4324
2024,SAO JOAQUIM,5,5.5494
2024,SAO JOSE DO CERRITO,8,7.6876
2024,SAO LOURENCO DO OESTE,2,0.7552
2024,SAO LUDGERO,1,0.6221
2024,SAO MARTINHO,3,1.6473
2024,SAO MIGUEL DO OESTE,1,1.6307
2024,SAO PEDRO DE ALCANTARA,1,1.6949
2024,SAUDADES,1,3.1893
2024,SCHROEDER,1,2.7124
2024,SIDEROPOLIS,1,3.1328
2024,SUL BRASIL,1,0.943
2024,TAIO,4,3.6666
2024,TANGARA,2,1.8675
2024,TIJUCAS,1,0.2666
2024,TIMBO,2,3.9659
2024,TREZE TILIAS,2,0.7228
2024,TURVO,1,0.9141
2024,URUPEMA,1,0.3046
2024,URUSSANGA,3,2.7725
2024,VARGEAO,1,1.0471
2024,VARGEM,1,1.3581
2024,VARGEM BONITA,1,0.47
2024,VIDAL RAMOS,4,6.572
2024,VIDEIRA,2,1.5436
2024,VITOR MEIRELES,1,1.5685
2024,XANXERE,1,0.1936
